{
  "baseName" : "unicam",
  "uniqueName" : "unicam",
  "nickname" : "Back",
  "FOV" : 70.0,
  "path" : "/dev/video2",
  "cameraType" : "ZeroCopyPicam",
  "currentPipelineIndex" : 0,
  "calibrations" : [ {
    "resolution" : {
      "width" : 820.0,
      "height" : 616.0
    },
    "cameraIntrinsics" : {
      "rows" : 3,
      "cols" : 3,
      "type" : 6,
      "data" : [ 638.5634852759356, 0.0, 408.721432021212, 0.0, 639.5965860076615, 329.2279971090957, 0.0, 0.0, 1.0 ]
    },
    "cameraExtrinsics" : {
      "rows" : 1,
      "cols" : 5,
      "type" : 6,
      "data" : [ 0.09636505697791585, 0.399220670055121, -9.31520844151091E-4, 0.002455821670026048, -2.07803162468137 ]
    },
    "perViewErrors" : [ 1.18802666118936, 0.1791070680616672, 0.23921675590559688, 0.21932162494819088, 0.24624460624511046, 0.30986529682593433, 0.31285551321215044, 0.2000746339069039, 0.13060310379378934, 0.33795342647113125, 0.3892045683258269, 0.32053281686580026, 0.32255996391750724, 0.18349357321276896, 0.3344106853313899, 0.24023839916744186, 0.25350107534166094, 0.29099523776999925, 0.24294193366506917, 0.28986774479153415 ],
    "standardDeviation" : 0.21057463790615438
  } ],
  "streamIndex" : 0
}