{
  "baseName" : "unicam",
  "uniqueName" : "unicam",
  "nickname" : "IMX219",
  "FOV" : 70.0,
  "path" : "/dev/video0",
  "cameraType" : "ZeroCopyPicam",
  "currentPipelineIndex" : 0,
  "calibrations" : [ {
    "resolution" : {
      "width" : 820.0,
      "height" : 616.0
    },
    "cameraIntrinsics" : {
      "rows" : 3,
      "cols" : 3,
      "type" : 6,
      "data" : [ 630.169945051099, 0.0, 424.9529876022103, 0.0, 630.2171612711844, 306.4260785907735, 0.0, 0.0, 1.0 ]
    },
    "cameraExtrinsics" : {
      "rows" : 1,
      "cols" : 5,
      "type" : 6,
      "data" : [ 0.19254409242134027, -0.4370444640250403, -3.377422568321338E-4, 3.47336110189573E-4, 0.3279352881018335 ]
    },
    "perViewErrors" : [ 0.23002655452964033, 0.33483082766787925, 0.1541494523924254, 0.1563982048935154, 0.19714948210819097, 0.2619263711362793, 0.2080088822396295, 0.21061771493501968, 0.3070587170551042, 0.23585632862542436, 0.22095731353737189, 0.18811984236572632, 0.1418176590602216, 0.1433735146873753 ],
    "standardDeviation" : 0.056338947366788086
  } ],
  "streamIndex" : 0
}